date,item_id,category,opening_stock,received_qty,consumed_qty,closing_stock,daily_usage,reorder_level,days_remaining,reorder_flag
2024-01-01,ITEM_FOOD001,Food & Supplies,1639.1,29.9,50.6,1618.3,50.64,100,32.0,0
2024-01-01,ITEM_FUEL001,Energy,1240.2,25000.0,464.8,10000.0,464.79,100,21.5,0
2024-01-01,ITEM_SPARE001,Spares,778.4,0.0,0.5,777.9,0.5,300,1544.8,0
2024-01-01,ITEM_SPARE002,Spares,1406.3,0.0,0.0,1406.3,0.0,300,999.0,0
2024-01-01,ITEM_MED001,Medical,1371.7,0.0,0.3,1371.4,0.25,100,5431.0,0
2024-01-02,ITEM_FOOD001,Food & Supplies,1618.3,8.3,42.6,1584.0,42.56,100,37.2,0
2024-01-02,ITEM_FUEL001,Energy,10000.0,0.0,425.1,9574.9,425.11,100,22.5,0
2024-01-02,ITEM_SPARE001,Spares,777.9,0.0,0.7,777.1,0.72,300,1080.4,0
2024-01-02,ITEM_SPARE002,Spares,1406.3,0.0,0.0,1406.3,0.0,300,999.0,0
2024-01-02,ITEM_MED001,Medical,1371.4,0.0,2.2,1369.3,2.16,100,634.1,0
2024-01-03,ITEM_FOOD001,Food & Supplies,1584.0,17.5,44.2,1557.3,44.25,100,35.2,0
2024-01-03,ITEM_FUEL001,Energy,9574.9,0.0,518.4,9056.5,518.44,100,17.5,0
2024-01-03,ITEM_SPARE001,Spares,777.1,25.7,0.0,802.9,0.0,300,999.0,0
2024-01-03,ITEM_SPARE002,Spares,1406.3,0.0,0.0,1406.3,0.0,300,999.0,0
2024-01-03,ITEM_MED001,Medical,1369.3,0.0,1.1,1368.1,1.14,100,1203.6,0
2024-01-04,ITEM_FOOD001,Food & Supplies,1557.3,20.2,50.7,1526.8,50.7,100,30.1,0
2024-01-04,ITEM_FUEL001,Energy,9056.5,0.0,469.6,8586.9,469.6,100,18.3,0
2024-01-04,ITEM_SPARE001,Spares,802.9,0.0,0.0,802.9,0.0,300,999.0,0
2024-01-04,ITEM_SPARE002,Spares,1406.3,0.0,0.0,1406.3,0.0,300,999.0,0
2024-01-04,ITEM_MED001,Medical,1368.1,0.0,0.7,1367.5,0.69,100,1996.0,0
2024-01-05,ITEM_FOOD001,Food & Supplies,1526.8,39.6,47.0,1519.4,47.02,100,32.3,0
2024-01-05,ITEM_FUEL001,Energy,8586.9,0.0,448.2,8138.6,448.22,100,18.2,0
2024-01-05,ITEM_SPARE001,Spares,802.9,0.0,2.3,800.6,2.25,300,355.7,0
2024-01-05,ITEM_SPARE002,Spares,1406.3,0.0,1.9,1404.4,1.86,300,754.9,0
2024-01-05,ITEM_MED001,Medical,1367.5,0.0,0.2,1367.2,0.25,100,5573.1,0
2024-01-06,ITEM_FOOD001,Food & Supplies,1519.4,26.9,46.9,1499.3,46.95,100,31.9,0
2024-01-06,ITEM_FUEL001,Energy,8138.6,0.0,377.4,7761.2,377.39,100,20.6,0
2024-01-06,ITEM_SPARE001,Spares,800.6,0.0,0.0,800.6,0.0,300,999.0,0
2024-01-06,ITEM_SPARE002,Spares,1404.4,0.0,0.0,1404.4,0.0,300,999.0,0
2024-01-06,ITEM_MED001,Medical,1367.2,0.0,0.1,1367.1,0.09,100,14699.9,0
2024-01-07,ITEM_FOOD001,Food & Supplies,1499.3,24.1,49.5,1473.9,49.46,100,29.8,0
2024-01-07,ITEM_FUEL001,Energy,7761.2,0.0,399.1,7362.2,399.07,100,18.4,0
2024-01-07,ITEM_SPARE001,Spares,800.6,0.0,0.0,800.6,0.0,300,999.0,0
2024-01-07,ITEM_SPARE002,Spares,1404.4,37.8,0.0,1442.2,0.0,300,999.0,0
2024-01-07,ITEM_MED001,Medical,1367.1,0.0,0.4,1366.7,0.42,100,3228.3,0
2024-01-08,ITEM_FOOD001,Food & Supplies,1473.9,21.5,42.4,1453.0,42.42,100,34.3,0
2024-01-08,ITEM_FUEL001,Energy,7362.2,0.0,434.8,6927.4,434.82,100,15.9,0
2024-01-08,ITEM_SPARE001,Spares,800.6,0.0,3.1,797.6,3.05,300,261.4,0
2024-01-08,ITEM_SPARE002,Spares,1442.2,0.0,2.5,1439.7,2.51,300,572.5,0
2024-01-08,ITEM_MED001,Medical,1366.7,0.0,1.8,1364.9,1.76,100,775.5,0
2024-01-09,ITEM_FOOD001,Food & Supplies,1453.0,9.3,39.2,1423.0,39.24,100,36.3,0
2024-01-09,ITEM_FUEL001,Energy,6927.4,0.0,444.5,6482.9,444.46,100,14.6,0
2024-01-09,ITEM_SPARE001,Spares,797.6,0.0,0.0,797.6,0.0,300,999.0,0
2024-01-09,ITEM_SPARE002,Spares,1439.7,0.0,0.0,1439.7,0.0,300,999.0,0
2024-01-09,ITEM_MED001,Medical,1364.9,0.0,1.0,1364.0,0.98,100,1395.1,0
2024-01-10,ITEM_FOOD001,Food & Supplies,1423.0,25.3,45.6,1402.7,45.61,100,30.8,0
2024-01-10,ITEM_FUEL001,Energy,6482.9,0.0,479.3,6003.6,479.27,100,12.5,0
2024-01-10,ITEM_SPARE001,Spares,797.6,0.0,2.1,795.5,2.09,300,381.3,0
2024-01-10,ITEM_SPARE002,Spares,1439.7,0.0,2.0,1437.7,1.98,300,726.8,0
2024-01-10,ITEM_MED001,Medical,1364.0,0.0,1.9,1362.1,1.87,100,728.5,0
2024-01-11,ITEM_FOOD001,Food & Supplies,1402.7,15.7,59.8,1358.6,59.76,100,22.7,0
2024-01-11,ITEM_FUEL001,Energy,6003.6,0.0,451.3,5552.3,451.3,100,12.3,0
2024-01-11,ITEM_SPARE001,Spares,795.5,0.0,0.0,795.5,0.0,300,999.0,0
2024-01-11,ITEM_SPARE002,Spares,1437.7,0.0,0.0,1437.7,0.0,300,999.0,0
2024-01-11,ITEM_MED001,Medical,1362.1,0.0,2.3,1359.8,2.31,100,587.7,0
2024-01-12,ITEM_FOOD001,Food & Supplies,1358.6,17.8,55.4,1321.0,55.39,100,23.9,0
2024-01-12,ITEM_FUEL001,Energy,5552.3,0.0,519.2,5033.2,519.16,100,9.7,0
2024-01-12,ITEM_SPARE001,Spares,795.5,0.0,2.8,792.7,2.79,300,284.4,0
2024-01-12,ITEM_SPARE002,Spares,1437.7,0.0,0.0,1437.7,0.0,300,999.0,0
2024-01-12,ITEM_MED001,Medical,1359.8,0.0,1.0,1358.7,1.04,100,1309.9,0
2024-01-13,ITEM_FOOD001,Food & Supplies,1321.0,25.8,48.5,1298.3,48.48,100,26.8,0
2024-01-13,ITEM_FUEL001,Energy,5033.2,0.0,472.6,4560.6,472.62,100,9.6,0
2024-01-13,ITEM_SPARE001,Spares,792.7,0.0,0.0,792.7,0.0,300,999.0,0
2024-01-13,ITEM_SPARE002,Spares,1437.7,0.0,1.8,1435.9,1.79,300,802.7,0
2024-01-13,ITEM_MED001,Medical,1358.7,0.0,1.0,1357.7,1.05,100,1293.7,0
2024-01-14,ITEM_FOOD001,Food & Supplies,1298.3,25.5,42.6,1281.2,42.57,100,30.1,0
2024-01-14,ITEM_FUEL001,Energy,4560.6,0.0,516.5,4044.0,516.52,100,7.8,0
2024-01-14,ITEM_SPARE001,Spares,792.7,0.0,0.0,792.7,0.0,300,999.0,0
2024-01-14,ITEM_SPARE002,Spares,1435.9,0.0,0.0,1435.9,0.0,300,999.0,0
2024-01-14,ITEM_MED001,Medical,1357.7,0.0,1.0,1356.7,1.03,100,1321.1,0
2024-01-15,ITEM_FOOD001,Food & Supplies,1281.2,22.8,41.3,1262.8,41.29,100,30.6,0
2024-01-15,ITEM_FUEL001,Energy,4044.0,25000.0,414.4,10000.0,414.36,100,24.1,0
2024-01-15,ITEM_SPARE001,Spares,792.7,0.0,0.0,792.7,0.0,300,999.0,0
2024-01-15,ITEM_SPARE002,Spares,1435.9,0.0,0.0,1435.9,0.0,300,999.0,0
2024-01-15,ITEM_MED001,Medical,1356.7,0.0,0.9,1355.8,0.89,100,1519.4,0
2024-01-16,ITEM_FOOD001,Food & Supplies,1262.8,28.8,37.3,1254.2,37.34,100,33.6,0
2024-01-16,ITEM_FUEL001,Energy,10000.0,0.0,370.2,9629.8,370.24,100,26.0,0
2024-01-16,ITEM_SPARE001,Spares,792.7,0.0,0.0,792.7,0.0,300,999.0,0
2024-01-16,ITEM_SPARE002,Spares,1435.9,0.0,0.0,1435.9,0.0,300,999.0,0
2024-01-16,ITEM_MED001,Medical,1355.8,0.0,0.8,1354.9,0.83,100,1628.4,0
2024-01-17,ITEM_FOOD001,Food & Supplies,1254.2,28.9,44.7,1238.4,44.74,100,27.7,0
2024-01-17,ITEM_FUEL001,Energy,9629.8,0.0,453.4,9176.4,453.4,100,20.2,0
2024-01-17,ITEM_SPARE001,Spares,792.7,0.0,0.0,792.7,0.0,300,999.0,0
2024-01-17,ITEM_SPARE002,Spares,1435.9,0.0,0.0,1435.9,0.0,300,999.0,0
2024-01-17,ITEM_MED001,Medical,1354.9,0.0,1.9,1353.1,1.85,100,731.2,0
2024-01-18,ITEM_FOOD001,Food & Supplies,1238.4,26.0,44.0,1220.4,44.01,100,27.7,0
2024-01-18,ITEM_FUEL001,Energy,9176.4,0.0,434.7,8741.7,434.7,100,20.1,0
2024-01-18,ITEM_SPARE001,Spares,792.7,0.0,0.0,792.7,0.0,300,999.0,0
2024-01-18,ITEM_SPARE002,Spares,1435.9,0.0,1.4,1434.6,1.35,300,1061.5,0
2024-01-18,ITEM_MED001,Medical,1353.1,0.0,2.0,1351.1,1.99,100,680.4,0
2024-01-19,ITEM_FOOD001,Food & Supplies,1220.4,8.6,47.4,1181.6,47.4,100,24.9,0
2024-01-19,ITEM_FUEL001,Energy,8741.7,0.0,464.5,8277.2,464.5,100,17.8,0
2024-01-19,ITEM_SPARE001,Spares,792.7,0.0,0.0,792.7,0.0,300,999.0,0
2024-01-19,ITEM_SPARE002,Spares,1434.6,0.0,0.0,1434.6,0.0,300,999.0,0
2024-01-19,ITEM_MED001,Medical,1351.1,0.0,0.6,1350.5,0.62,100,2170.1,0
2024-01-20,ITEM_FOOD001,Food & Supplies,1181.6,2.0,43.6,1140.1,43.56,100,26.2,0
2024-01-20,ITEM_FUEL001,Energy,8277.2,0.0,397.0,7880.1,397.03,100,19.8,0
2024-01-20,ITEM_SPARE001,Spares,792.7,0.0,2.6,790.1,2.6,300,304.4,0
2024-01-20,ITEM_SPARE002,Spares,1434.6,0.0,0.0,1434.6,0.0,300,999.0,0
2024-01-20,ITEM_MED001,Medical,1350.5,0.0,0.6,1349.9,0.59,100,2271.4,0
2024-01-21,ITEM_FOOD001,Food & Supplies,1140.1,22.0,49.1,1113.1,49.06,100,22.7,0
2024-01-21,ITEM_FUEL001,Energy,7880.1,0.0,502.2,7377.9,502.21,100,14.7,0
2024-01-21,ITEM_SPARE001,Spares,790.1,0.0,2.0,788.1,2.04,300,386.3,0
2024-01-21,ITEM_SPARE002,Spares,1434.6,0.0,0.0,1434.6,0.0,300,999.0,0
2024-01-21,ITEM_MED001,Medical,1349.9,0.0,0.9,1349.0,0.92,100,1468.9,0
2024-01-22,ITEM_FOOD001,Food & Supplies,1113.1,30.6,47.3,1096.3,47.34,100,23.2,0
2024-01-22,ITEM_FUEL001,Energy,7377.9,0.0,446.1,6931.8,446.14,100,15.5,0
2024-01-22,ITEM_SPARE001,Spares,788.1,0.0,0.0,788.1,0.0,300,999.0,0
2024-01-22,ITEM_SPARE002,Spares,1434.6,0.0,0.0,1434.6,0.0,300,999.0,0
2024-01-22,ITEM_MED001,Medical,1349.0,0.0,0.8,1348.2,0.77,100,1761.9,0
2024-01-23,ITEM_FOOD001,Food & Supplies,1096.3,2.0,45.5,1052.8,45.52,100,23.1,0
2024-01-23,ITEM_FUEL001,Energy,6931.8,0.0,509.5,6422.3,509.5,100,12.6,0
2024-01-23,ITEM_SPARE001,Spares,788.1,0.0,4.2,783.8,4.23,300,185.2,0
2024-01-23,ITEM_SPARE002,Spares,1434.6,38.2,0.0,1472.7,0.0,300,999.0,0
2024-01-23,ITEM_MED001,Medical,1348.2,0.0,-0.2,1348.4,-0.19,100,999.0,0
2024-01-24,ITEM_FOOD001,Food & Supplies,1052.8,14.8,51.8,1015.8,51.8,100,19.6,0
2024-01-24,ITEM_FUEL001,Energy,6422.3,0.0,458.9,5963.4,458.89,100,13.0,0
2024-01-24,ITEM_SPARE001,Spares,783.8,0.0,0.0,783.8,0.0,300,999.0,0
2024-01-24,ITEM_SPARE002,Spares,1472.7,0.0,2.5,1470.2,2.52,300,582.7,0
2024-01-24,ITEM_MED001,Medical,1348.4,0.0,0.4,1348.0,0.38,100,3510.0,0
2024-01-25,ITEM_FOOD001,Food & Supplies,1015.8,18.4,51.9,982.3,51.91,100,18.9,0
2024-01-25,ITEM_FUEL001,Energy,5963.4,0.0,477.1,5486.3,477.08,100,11.5,0
2024-01-25,ITEM_SPARE001,Spares,783.8,0.0,0.0,783.8,0.0,300,999.0,0
2024-01-25,ITEM_SPARE002,Spares,1470.2,0.0,0.9,1469.3,0.88,300,1663.5,0
2024-01-25,ITEM_MED001,Medical,1348.0,0.0,0.9,1347.2,0.85,100,1576.4,0
2024-01-26,ITEM_FOOD001,Food & Supplies,982.3,18.2,51.6,948.8,51.63,100,18.4,0
2024-01-26,ITEM_FUEL001,Energy,5486.3,0.0,469.5,5016.9,469.46,100,10.7,0
2024-01-26,ITEM_SPARE001,Spares,783.8,0.0,0.0,783.8,0.0,300,999.0,0
2024-01-26,ITEM_SPARE002,Spares,1469.3,0.0,0.0,1469.3,0.0,300,999.0,0
2024-01-26,ITEM_MED001,Medical,1347.2,0.0,0.9,1346.3,0.89,100,1521.2,0
2024-01-27,ITEM_FOOD001,Food & Supplies,948.8,20.0,43.3,925.5,43.35,100,21.4,0
2024-01-27,ITEM_FUEL001,Energy,5016.9,0.0,412.1,4604.7,412.13,100,11.2,0
2024-01-27,ITEM_SPARE001,Spares,783.8,0.0,0.0,783.8,0.0,300,999.0,0
2024-01-27,ITEM_SPARE002,Spares,1469.3,0.0,0.0,1469.3,0.0,300,999.0,0
2024-01-27,ITEM_MED001,Medical,1346.3,0.0,1.7,1344.6,1.69,100,795.5,0
2024-01-28,ITEM_FOOD001,Food & Supplies,925.5,12.8,47.9,890.4,47.94,100,18.6,0
2024-01-28,ITEM_FUEL001,Energy,4604.7,25000.0,329.5,10000.0,329.48,100,30.4,0
2024-01-28,ITEM_SPARE001,Spares,783.8,0.0,0.0,783.8,0.0,300,999.0,0
2024-01-28,ITEM_SPARE002,Spares,1469.3,0.0,0.0,1469.3,0.0,300,999.0,0
2024-01-28,ITEM_MED001,Medical,1344.6,0.0,-0.1,1344.7,-0.12,100,999.0,0
2024-01-29,ITEM_FOOD001,Food & Supplies,890.4,15.2,48.3,857.3,48.3,100,17.7,0
2024-01-29,ITEM_FUEL001,Energy,10000.0,0.0,428.0,9572.0,427.98,100,22.4,0
2024-01-29,ITEM_SPARE001,Spares,783.8,0.0,0.0,783.8,0.0,300,999.0,0
2024-01-29,ITEM_SPARE002,Spares,1469.3,0.0,3.1,1466.3,3.05,300,480.4,0
2024-01-29,ITEM_MED001,Medical,1344.7,0.0,1.2,1343.5,1.21,100,1109.6,0
2024-01-30,ITEM_FOOD001,Food & Supplies,857.3,21.9,43.5,835.7,43.54,100,19.2,0
2024-01-30,ITEM_FUEL001,Energy,9572.0,0.0,414.7,9157.4,414.66,100,22.1,0
2024-01-30,ITEM_SPARE001,Spares,783.8,0.0,0.0,783.8,0.0,300,999.0,0
2024-01-30,ITEM_SPARE002,Spares,1466.3,0.0,2.8,1463.5,2.79,300,524.8,0
2024-01-30,ITEM_MED001,Medical,1343.5,0.0,1.2,1342.3,1.18,100,1134.1,0
2024-01-31,ITEM_FOOD001,Food & Supplies,835.7,36.7,40.6,831.8,40.63,100,20.5,0
2024-01-31,ITEM_FUEL001,Energy,9157.4,0.0,414.6,8742.7,414.63,100,21.1,0
2024-01-31,ITEM_SPARE001,Spares,783.8,0.0,0.9,782.9,0.94,300,831.5,0
2024-01-31,ITEM_SPARE002,Spares,1463.5,0.0,0.0,1463.5,0.0,300,999.0,0
2024-01-31,ITEM_MED001,Medical,1342.3,0.0,1.4,1341.0,1.36,100,984.9,0
2024-02-01,ITEM_FOOD001,Food & Supplies,831.8,11.4,42.0,801.2,41.99,100,19.1,0
2024-02-01,ITEM_FUEL001,Energy,8742.7,25000.0,421.1,10000.0,421.14,100,23.7,0
2024-02-01,ITEM_SPARE001,Spares,782.9,70.1,0.0,853.0,0.0,300,999.0,0
2024-02-01,ITEM_SPARE002,Spares,1463.5,0.0,0.0,1463.5,0.0,300,999.0,0
2024-02-01,ITEM_MED001,Medical,1341.0,0.0,1.7,1339.3,1.66,100,807.7,0
2024-02-02,ITEM_FOOD001,Food & Supplies,801.2,18.1,51.9,767.4,51.94,100,14.8,0
2024-02-02,ITEM_FUEL001,Energy,10000.0,0.0,471.2,9528.8,471.2,100,20.2,0
2024-02-02,ITEM_SPARE001,Spares,853.0,0.0,0.0,853.0,0.0,300,999.0,0
2024-02-02,ITEM_SPARE002,Spares,1463.5,0.0,2.3,1461.2,2.29,300,637.1,0
2024-02-02,ITEM_MED001,Medical,1339.3,0.0,1.9,1337.4,1.91,100,701.9,0
2024-02-03,ITEM_FOOD001,Food & Supplies,767.4,11.8,47.9,731.2,47.95,100,15.2,0
2024-02-03,ITEM_FUEL001,Energy,9528.8,0.0,530.0,8998.8,529.98,100,17.0,0
2024-02-03,ITEM_SPARE001,Spares,853.0,0.0,0.0,853.0,0.0,300,999.0,0
2024-02-03,ITEM_SPARE002,Spares,1461.2,0.0,0.0,1461.2,0.0,300,999.0,0
2024-02-03,ITEM_MED001,Medical,1337.4,0.0,0.9,1336.5,0.91,100,1468.8,0
2024-02-04,ITEM_FOOD001,Food & Supplies,731.2,5.8,46.0,691.0,45.97,100,15.0,0
2024-02-04,ITEM_FUEL001,Energy,8998.8,0.0,545.8,8453.0,545.83,100,15.5,0
2024-02-04,ITEM_SPARE001,Spares,853.0,0.0,0.0,853.0,0.0,300,999.0,0
2024-02-04,ITEM_SPARE002,Spares,1461.2,0.0,0.0,1461.2,0.0,300,999.0,0
2024-02-04,ITEM_MED001,Medical,1336.5,0.0,0.9,1335.6,0.91,100,1475.8,0
2024-02-05,ITEM_FOOD001,Food & Supplies,691.0,9.2,55.5,644.8,55.49,100,11.6,0
2024-02-05,ITEM_FUEL001,Energy,8453.0,0.0,429.3,8023.7,429.33,100,18.7,0
2024-02-05,ITEM_SPARE001,Spares,853.0,0.0,0.0,853.0,0.0,300,999.0,0
2024-02-05,ITEM_SPARE002,Spares,1461.2,0.0,0.0,1461.2,0.0,300,999.0,0
2024-02-05,ITEM_MED001,Medical,1335.6,0.0,0.8,1334.8,0.78,100,1714.7,0
2024-02-06,ITEM_FOOD001,Food & Supplies,644.8,46.0,43.8,646.9,43.85,100,14.8,0
2024-02-06,ITEM_FUEL001,Energy,8023.7,0.0,413.4,7610.3,413.36,100,18.4,0
2024-02-06,ITEM_SPARE001,Spares,853.0,0.0,0.0,853.0,0.0,300,999.0,0
2024-02-06,ITEM_SPARE002,Spares,1461.2,0.0,1.0,1460.2,0.98,300,1488.7,0
2024-02-06,ITEM_MED001,Medical,1334.8,0.0,1.9,1332.9,1.86,100,717.5,0
2024-02-07,ITEM_FOOD001,Food & Supplies,646.9,14.1,37.7,623.3,37.72,100,16.5,0
2024-02-07,ITEM_FUEL001,Energy,7610.3,0.0,433.9,7176.4,433.86,100,16.5,0
2024-02-07,ITEM_SPARE001,Spares,853.0,0.0,2.5,850.5,2.49,300,341.3,0
2024-02-07,ITEM_SPARE002,Spares,1460.2,0.0,0.0,1460.2,0.0,300,999.0,0
2024-02-07,ITEM_MED001,Medical,1332.9,0.0,2.0,1331.0,1.96,100,678.9,0
2024-02-08,ITEM_FOOD001,Food & Supplies,623.3,34.1,40.3,617.0,40.31,100,15.3,0
2024-02-08,ITEM_FUEL001,Energy,7176.4,0.0,439.9,6736.5,439.89,100,15.3,0
2024-02-08,ITEM_SPARE001,Spares,850.5,0.0,0.0,850.5,0.0,300,999.0,0
2024-02-08,ITEM_SPARE002,Spares,1460.2,0.0,2.2,1458.0,2.21,300,659.7,0
2024-02-08,ITEM_MED001,Medical,1331.0,0.0,1.8,1329.2,1.78,100,744.7,0
2024-02-09,ITEM_FOOD001,Food & Supplies,617.0,11.0,44.7,583.3,44.68,100,13.1,0
2024-02-09,ITEM_FUEL001,Energy,6736.5,0.0,396.6,6339.9,396.64,100,16.0,0
2024-02-09,ITEM_SPARE001,Spares,850.5,0.0,0.0,850.5,0.0,300,999.0,0
2024-02-09,ITEM_SPARE002,Spares,1458.0,0.0,-0.4,1458.4,-0.42,300,999.0,0
2024-02-09,ITEM_MED001,Medical,1329.2,0.0,0.5,1328.6,0.55,100,2418.9,0
2024-02-10,ITEM_FOOD001,Food & Supplies,583.3,27.5,39.3,571.5,39.34,100,14.5,0
2024-02-10,ITEM_FUEL001,Energy,6339.9,0.0,410.2,5929.7,410.19,100,14.5,0
2024-02-10,ITEM_SPARE001,Spares,850.5,0.0,4.2,846.3,4.23,300,200.1,0
2024-02-10,ITEM_SPARE002,Spares,1458.4,0.0,0.0,1458.4,0.0,300,999.0,0
2024-02-10,ITEM_MED001,Medical,1328.6,0.0,0.3,1328.3,0.33,100,4050.0,0
2024-02-11,ITEM_FOOD001,Food & Supplies,571.5,25.8,42.6,554.7,42.57,100,13.0,0
2024-02-11,ITEM_FUEL001,Energy,5929.7,0.0,483.5,5446.2,483.5,100,11.3,0
2024-02-11,ITEM_SPARE001,Spares,846.3,0.0,2.0,844.2,2.04,300,412.8,0
2024-02-11,ITEM_SPARE002,Spares,1458.4,0.0,0.0,1458.4,0.0,300,999.0,0
2024-02-11,ITEM_MED001,Medical,1328.3,0.0,1.5,1326.8,1.47,100,901.6,0
2024-02-12,ITEM_FOOD001,Food & Supplies,554.7,35.2,51.3,538.5,51.34,100,10.5,0
2024-02-12,ITEM_FUEL001,Energy,5446.2,0.0,457.6,4988.6,457.63,100,10.9,0
2024-02-12,ITEM_SPARE001,Spares,844.2,0.0,0.0,844.2,0.0,300,999.0,0
2024-02-12,ITEM_SPARE002,Spares,1458.4,0.0,0.0,1458.4,0.0,300,999.0,0
2024-02-12,ITEM_MED001,Medical,1326.8,0.0,1.0,1325.8,1.05,100,1262.8,0
2024-02-13,ITEM_FOOD001,Food & Supplies,538.5,24.1,49.7,513.0,49.68,100,10.3,0
2024-02-13,ITEM_FUEL001,Energy,4988.6,0.0,443.4,4545.1,443.44,100,10.2,0
2024-02-13,ITEM_SPARE001,Spares,844.2,0.0,2.8,841.4,2.85,300,295.3,0
2024-02-13,ITEM_SPARE002,Spares,1458.4,0.0,0.0,1458.4,0.0,300,999.0,0
2024-02-13,ITEM_MED001,Medical,1325.8,0.0,1.1,1324.7,1.12,100,1182.9,0
2024-02-14,ITEM_FOOD001,Food & Supplies,513.0,15.5,43.6,484.9,43.61,100,11.1,0
2024-02-14,ITEM_FUEL001,Energy,4545.1,0.0,376.2,4168.9,376.23,100,11.1,0
2024-02-14,ITEM_SPARE001,Spares,841.4,0.0,2.2,839.2,2.16,300,388.0,0
2024-02-14,ITEM_SPARE002,Spares,1458.4,0.0,0.0,1458.4,0.0,300,999.0,0
2024-02-14,ITEM_MED001,Medical,1324.7,0.0,0.8,1323.9,0.8,100,1654.6,0
2024-02-15,ITEM_FOOD001,Food & Supplies,484.9,29.0,44.9,469.0,44.94,100,10.4,0
2024-02-15,ITEM_FUEL001,Energy,4168.9,25000.0,382.0,10000.0,382.05,100,26.2,0
2024-02-15,ITEM_SPARE001,Spares,839.2,0.0,1.9,837.3,1.92,300,435.8,0
2024-02-15,ITEM_SPARE002,Spares,1458.4,0.0,1.6,1456.8,1.59,300,918.9,0
2024-02-15,ITEM_MED001,Medical,1323.9,0.0,-0.2,1324.1,-0.21,100,999.0,0
2024-02-16,ITEM_FOOD001,Food & Supplies,469.0,41.7,35.7,475.1,35.65,100,13.3,0
2024-02-16,ITEM_FUEL001,Energy,10000.0,0.0,487.6,9512.4,487.61,100,19.5,0
2024-02-16,ITEM_SPARE001,Spares,837.3,56.8,0.0,894.1,0.0,300,999.0,0
2024-02-16,ITEM_SPARE002,Spares,1456.8,0.0,-0.2,1457.0,-0.2,300,999.0,0
2024-02-16,ITEM_MED001,Medical,1324.1,0.0,0.6,1323.5,0.59,100,2237.3,0
2024-02-17,ITEM_FOOD001,Food & Supplies,475.1,19.3,50.2,444.2,50.16,100,8.9,0
2024-02-17,ITEM_FUEL001,Energy,9512.4,0.0,438.4,9074.0,438.41,100,20.7,0
2024-02-17,ITEM_SPARE001,Spares,894.1,0.0,2.3,891.8,2.28,300,392.0,0
2024-02-17,ITEM_SPARE002,Spares,1457.0,0.0,0.0,1457.0,0.0,300,999.0,0
2024-02-17,ITEM_MED001,Medical,1323.5,0.0,0.2,1323.3,0.16,100,8296.4,0
2024-02-18,ITEM_FOOD001,Food & Supplies,444.2,16.0,38.8,421.4,38.79,100,10.9,0
2024-02-18,ITEM_FUEL001,Energy,9074.0,0.0,468.9,8605.0,468.94,100,18.3,0
2024-02-18,ITEM_SPARE001,Spares,891.8,0.0,0.0,891.8,0.0,300,999.0,0
2024-02-18,ITEM_SPARE002,Spares,1457.0,0.0,0.0,1457.0,0.0,300,999.0,0
2024-02-18,ITEM_MED001,Medical,1323.3,0.0,0.7,1322.6,0.74,100,1780.2,0
2024-02-19,ITEM_FOOD001,Food & Supplies,421.4,15.6,44.4,392.7,44.38,100,8.8,0
2024-02-19,ITEM_FUEL001,Energy,8605.0,0.0,342.6,8262.4,342.62,100,24.1,0
2024-02-19,ITEM_SPARE001,Spares,891.8,64.6,0.0,956.4,0.0,300,999.0,0
2024-02-19,ITEM_SPARE002,Spares,1457.0,0.0,0.0,1457.0,0.0,300,999.0,0
2024-02-19,ITEM_MED001,Medical,1322.6,0.0,0.8,1321.8,0.82,100,1620.0,0
2024-02-20,ITEM_FOOD001,Food & Supplies,392.7,25.8,36.5,382.0,36.53,100,10.5,0
2024-02-20,ITEM_FUEL001,Energy,8262.4,0.0,453.2,7809.2,453.23,100,17.2,0
2024-02-20,ITEM_SPARE001,Spares,956.4,0.0,2.0,954.4,2.02,300,472.7,0
2024-02-20,ITEM_SPARE002,Spares,1457.0,0.0,1.8,1455.2,1.82,300,799.2,0
2024-02-20,ITEM_MED001,Medical,1321.8,0.0,0.6,1321.2,0.55,100,2384.9,0
2024-02-21,ITEM_FOOD001,Food & Supplies,382.0,38.1,46.9,373.2,46.92,100,8.0,0
2024-02-21,ITEM_FUEL001,Energy,7809.2,0.0,497.7,7311.5,497.73,100,14.7,0
2024-02-21,ITEM_SPARE001,Spares,954.4,0.0,1.8,952.6,1.82,300,523.2,0
2024-02-21,ITEM_SPARE002,Spares,1455.2,0.0,0.0,1455.2,0.0,300,999.0,0
2024-02-21,ITEM_MED001,Medical,1321.2,0.0,-0.3,1321.5,-0.31,100,999.0,0
2024-02-22,ITEM_FOOD001,Food & Supplies,373.2,20.6,39.2,354.6,39.19,100,9.0,0
2024-02-22,ITEM_FUEL001,Energy,7311.5,0.0,385.0,6926.5,384.97,100,18.0,0
2024-02-22,ITEM_SPARE001,Spares,952.6,0.0,0.0,952.6,0.0,300,999.0,0
2024-02-22,ITEM_SPARE002,Spares,1455.2,0.0,2.9,1452.3,2.93,300,495.3,0
2024-02-22,ITEM_MED001,Medical,1321.5,0.0,-0.3,1321.8,-0.27,100,999.0,0
2024-02-23,ITEM_FOOD001,Food & Supplies,354.6,9.1,44.0,319.6,44.01,100,7.3,0
2024-02-23,ITEM_FUEL001,Energy,6926.5,0.0,470.9,6455.6,470.87,100,13.7,0
2024-02-23,ITEM_SPARE001,Spares,952.6,0.0,0.0,952.6,0.0,300,999.0,0
2024-02-23,ITEM_SPARE002,Spares,1452.3,0.0,0.0,1452.3,0.0,300,999.0,0
2024-02-23,ITEM_MED001,Medical,1321.8,0.0,1.1,1320.7,1.08,100,1222.7,0
2024-02-24,ITEM_FOOD001,Food & Supplies,319.6,20.3,46.4,293.5,46.38,100,6.3,0
2024-02-24,ITEM_FUEL001,Energy,6455.6,0.0,396.6,6059.0,396.57,100,15.3,0
2024-02-24,ITEM_SPARE001,Spares,952.6,0.0,1.8,950.8,1.75,300,542.2,0
2024-02-24,ITEM_SPARE002,Spares,1452.3,0.0,0.0,1452.3,0.0,300,999.0,0
2024-02-24,ITEM_MED001,Medical,1320.7,0.0,1.7,1319.0,1.73,100,761.8,0
2024-02-25,ITEM_FOOD001,Food & Supplies,293.5,-0.6,47.3,245.7,47.26,100,5.2,0
2024-02-25,ITEM_FUEL001,Energy,6059.0,0.0,460.9,5598.2,460.89,100,12.1,0
2024-02-25,ITEM_SPARE001,Spares,950.8,0.0,0.0,950.8,0.0,300,999.0,0
2024-02-25,ITEM_SPARE002,Spares,1452.3,0.0,0.0,1452.3,0.0,300,999.0,0
2024-02-25,ITEM_MED001,Medical,1319.0,0.0,-0.0,1319.0,-0.02,100,999.0,0
2024-02-26,ITEM_FOOD001,Food & Supplies,245.7,19.5,50.0,215.2,49.95,100,4.3,0
2024-02-26,ITEM_FUEL001,Energy,5598.2,0.0,443.4,5154.8,443.39,100,11.6,0
2024-02-26,ITEM_SPARE001,Spares,950.8,13.5,0.0,964.3,0.0,300,999.0,0
2024-02-26,ITEM_SPARE002,Spares,1452.3,0.0,0.0,1452.3,0.0,300,999.0,0
2024-02-26,ITEM_MED001,Medical,1319.0,0.0,1.0,1318.0,1.02,100,1293.3,0
2024-02-27,ITEM_FOOD001,Food & Supplies,215.2,11.1,47.7,178.5,47.72,100,3.7,0
2024-02-27,ITEM_FUEL001,Energy,5154.8,0.0,345.8,4809.0,345.76,100,13.9,0
2024-02-27,ITEM_SPARE001,Spares,964.3,0.0,0.0,964.3,0.0,300,999.0,0
2024-02-27,ITEM_SPARE002,Spares,1452.3,74.6,0.0,1526.8,0.0,300,999.0,0
2024-02-27,ITEM_MED001,Medical,1318.0,0.0,1.2,1316.7,1.25,100,1056.8,0
2024-02-28,ITEM_FOOD001,Food & Supplies,178.5,13.0,43.4,148.2,43.42,100,3.4,0
2024-02-28,ITEM_FUEL001,Energy,4809.0,25000.0,420.7,10000.0,420.72,100,23.8,0
2024-02-28,ITEM_SPARE001,Spares,964.3,0.0,2.6,961.7,2.62,300,367.4,0
2024-02-28,ITEM_SPARE002,Spares,1526.8,0.0,0.0,1526.8,0.0,300,999.0,0
2024-02-28,ITEM_MED001,Medical,1316.7,0.0,0.5,1316.2,0.53,100,2463.2,0
2024-02-29,ITEM_FOOD001,Food & Supplies,148.2,21.7,51.4,118.5,51.43,100,2.3,0
2024-02-29,ITEM_FUEL001,Energy,10000.0,0.0,373.5,9626.5,373.52,100,25.8,0
2024-02-29,ITEM_SPARE001,Spares,961.7,0.0,0.0,961.7,0.0,300,999.0,0
2024-02-29,ITEM_SPARE002,Spares,1526.8,0.0,0.0,1526.8,0.0,300,999.0,0
2024-02-29,ITEM_MED001,Medical,1316.2,0.0,1.1,1315.1,1.12,100,1176.0,0
2024-03-01,ITEM_FOOD001,Food & Supplies,118.5,-4.1,48.2,66.2,48.22,100,1.4,1
2024-03-01,ITEM_FUEL001,Energy,9626.5,25000.0,421.2,10000.0,421.21,100,23.7,0
2024-03-01,ITEM_SPARE001,Spares,961.7,103.5,2.5,1062.7,2.47,300,429.8,0
2024-03-01,ITEM_SPARE002,Spares,1526.8,0.0,0.7,1526.2,0.65,300,2332.0,0
2024-03-01,ITEM_MED001,Medical,1315.1,0.0,1.1,1314.0,1.13,100,1167.7,0
2024-03-02,ITEM_FOOD001,Food & Supplies,66.2,10.4,45.6,30.9,45.63,100,0.7,1
2024-03-02,ITEM_FUEL001,Energy,10000.0,0.0,470.2,9529.8,470.25,100,20.3,0
2024-03-02,ITEM_SPARE001,Spares,1062.7,0.0,0.0,1062.7,0.0,300,999.0,0
2024-03-02,ITEM_SPARE002,Spares,1526.2,0.0,0.0,1526.2,0.0,300,999.0,0
2024-03-02,ITEM_MED001,Medical,1314.0,0.0,1.4,1312.5,1.44,100,914.6,0
2024-03-03,ITEM_FOOD001,Food & Supplies,30.9,30.2,49.1,12.1,49.05,100,0.2,1
2024-03-03,ITEM_FUEL001,Energy,9529.8,0.0,518.2,9011.6,518.18,100,17.4,0
2024-03-03,ITEM_SPARE001,Spares,1062.7,0.0,0.0,1062.7,0.0,300,999.0,0
2024-03-03,ITEM_SPARE002,Spares,1526.2,0.0,0.0,1526.2,0.0,300,999.0,0
2024-03-03,ITEM_MED001,Medical,1312.5,0.0,1.1,1311.4,1.11,100,1183.1,0
2024-03-04,ITEM_FOOD001,Food & Supplies,12.1,21.1,53.3,0.0,53.32,100,0.0,1
2024-03-04,ITEM_FUEL001,Energy,9011.6,0.0,515.8,8495.8,515.81,100,16.5,0
2024-03-04,ITEM_SPARE001,Spares,1062.7,62.5,0.0,1125.2,0.0,300,999.0,0
2024-03-04,ITEM_SPARE002,Spares,1526.2,0.0,2.2,1524.0,2.17,300,702.0,0
2024-03-04,ITEM_MED001,Medical,1311.4,0.0,0.8,1310.6,0.78,100,1670.9,0
2024-03-05,ITEM_FOOD001,Food & Supplies,0.0,1.5,39.0,0.0,39.03,100,0.0,1
2024-03-05,ITEM_FUEL001,Energy,8495.8,0.0,372.3,8123.5,372.28,100,21.8,0
2024-03-05,ITEM_SPARE001,Spares,1125.2,0.0,0.0,1125.2,0.0,300,999.0,0
2024-03-05,ITEM_SPARE002,Spares,1524.0,0.0,1.0,1523.0,0.97,300,1575.1,0
2024-03-05,ITEM_MED001,Medical,1310.6,0.0,0.4,1310.2,0.44,100,2998.0,0
2024-03-06,ITEM_FOOD001,Food & Supplies,0.0,10.9,46.8,0.0,46.8,100,0.0,1
2024-03-06,ITEM_FUEL001,Energy,8123.5,0.0,445.0,7678.5,444.99,100,17.3,0
2024-03-06,ITEM_SPARE001,Spares,1125.2,0.0,0.0,1125.2,0.0,300,999.0,0
2024-03-06,ITEM_SPARE002,Spares,1523.0,0.0,0.0,1523.0,0.0,300,999.0,0
2024-03-06,ITEM_MED001,Medical,1310.2,0.0,0.9,1309.3,0.93,100,1410.8,0
2024-03-07,ITEM_FOOD001,Food & Supplies,0.0,17.9,48.5,0.0,48.46,100,0.0,1
2024-03-07,ITEM_FUEL001,Energy,7678.5,0.0,389.8,7288.7,389.8,100,18.7,0
2024-03-07,ITEM_SPARE001,Spares,1125.2,0.0,0.4,1124.9,0.35,300,3176.1,0
2024-03-07,ITEM_SPARE002,Spares,1523.0,0.0,0.0,1523.0,0.0,300,999.0,0
2024-03-07,ITEM_MED001,Medical,1309.3,0.0,1.5,1307.7,1.55,100,843.9,0
2024-03-08,ITEM_FOOD001,Food & Supplies,0.0,27.7,38.7,0.0,38.73,100,0.0,1
2024-03-08,ITEM_FUEL001,Energy,7288.7,0.0,467.8,6820.9,467.81,100,14.6,0
2024-03-08,ITEM_SPARE001,Spares,1124.9,0.0,1.3,1123.6,1.27,300,888.0,0
2024-03-08,ITEM_SPARE002,Spares,1523.0,0.0,0.0,1523.0,0.0,300,999.0,0
2024-03-08,ITEM_MED001,Medical,1307.7,0.0,1.1,1306.6,1.15,100,1138.5,0
2024-03-09,ITEM_FOOD001,Food & Supplies,0.0,13.5,42.1,0.0,42.1,100,0.0,1
2024-03-09,ITEM_FUEL001,Energy,6820.9,0.0,390.2,6430.6,390.25,100,16.5,0
2024-03-09,ITEM_SPARE001,Spares,1123.6,0.0,0.0,1123.6,0.0,300,999.0,0
2024-03-09,ITEM_SPARE002,Spares,1523.0,69.9,0.0,1592.9,0.0,300,999.0,0
2024-03-09,ITEM_MED001,Medical,1306.6,0.0,1.1,1305.5,1.08,100,1210.0,0
2024-03-10,ITEM_FOOD001,Food & Supplies,0.0,18.2,45.6,0.0,45.59,100,0.0,1
2024-03-10,ITEM_FUEL001,Energy,6430.6,0.0,487.1,5943.5,487.12,100,12.2,0
2024-03-10,ITEM_SPARE001,Spares,1123.6,0.0,0.0,1123.6,0.0,300,999.0,0
2024-03-10,ITEM_SPARE002,Spares,1592.9,0.0,1.7,1591.2,1.68,300,947.5,0
2024-03-10,ITEM_MED001,Medical,1305.5,0.0,0.6,1304.9,0.64,100,2026.7,0
2024-03-11,ITEM_FOOD001,Food & Supplies,0.0,21.8,54.3,0.0,54.3,100,0.0,1
2024-03-11,ITEM_FUEL001,Energy,5943.5,0.0,406.1,5537.5,406.06,100,13.6,0
2024-03-11,ITEM_SPARE001,Spares,1123.6,0.0,0.0,1123.6,0.0,300,999.0,0
2024-03-11,ITEM_SPARE002,Spares,1591.2,0.0,0.0,1591.2,0.0,300,999.0,0
2024-03-11,ITEM_MED001,Medical,1304.9,0.0,1.4,1303.5,1.36,100,955.3,0
2024-03-12,ITEM_FOOD001,Food & Supplies,0.0,14.6,52.9,0.0,52.94,100,0.0,1
2024-03-12,ITEM_FUEL001,Energy,5537.5,0.0,517.7,5019.7,517.73,100,9.7,0
2024-03-12,ITEM_SPARE001,Spares,1123.6,0.0,0.0,1123.6,0.0,300,999.0,0
2024-03-12,ITEM_SPARE002,Spares,1591.2,0.0,0.0,1591.2,0.0,300,999.0,0
2024-03-12,ITEM_MED001,Medical,1303.5,0.0,1.9,1301.6,1.9,100,686.8,0
2024-03-13,ITEM_FOOD001,Food & Supplies,0.0,16.0,53.1,0.0,53.12,100,0.0,1
2024-03-13,ITEM_FUEL001,Energy,5019.7,0.0,442.0,4577.7,442.02,100,10.4,0
2024-03-13,ITEM_SPARE001,Spares,1123.6,0.0,0.0,1123.6,0.0,300,999.0,0
2024-03-13,ITEM_SPARE002,Spares,1591.2,40.5,0.7,1631.0,0.7,300,2345.1,0
2024-03-13,ITEM_MED001,Medical,1301.6,0.0,0.9,1300.6,0.95,100,1370.2,0
2024-03-14,ITEM_FOOD001,Food & Supplies,0.0,18.8,49.6,0.0,49.57,100,0.0,1
2024-03-14,ITEM_FUEL001,Energy,4577.7,0.0,414.3,4163.4,414.26,100,10.1,0
2024-03-14,ITEM_SPARE001,Spares,1123.6,0.0,0.0,1123.6,0.0,300,999.0,0
2024-03-14,ITEM_SPARE002,Spares,1631.0,0.0,0.0,1631.0,0.0,300,999.0,0
2024-03-14,ITEM_MED001,Medical,1300.6,0.0,1.3,1299.4,1.28,100,1014.1,0
2024-03-15,ITEM_FOOD001,Food & Supplies,0.0,32.5,45.5,0.0,45.49,100,0.0,1
2024-03-15,ITEM_FUEL001,Energy,4163.4,25000.0,489.5,10000.0,489.55,100,20.4,0
2024-03-15,ITEM_SPARE001,Spares,1123.6,0.0,0.0,1123.6,0.0,300,999.0,0
2024-03-15,ITEM_SPARE002,Spares,1631.0,0.0,0.0,1631.0,0.0,300,999.0,0
2024-03-15,ITEM_MED001,Medical,1299.4,0.0,1.7,1297.7,1.67,100,775.9,0
2024-03-16,ITEM_FOOD001,Food & Supplies,0.0,41.9,40.3,1.6,40.31,100,0.0,1
2024-03-16,ITEM_FUEL001,Energy,10000.0,0.0,518.3,9481.7,518.3,100,18.3,0
2024-03-16,ITEM_SPARE001,Spares,1123.6,0.0,2.4,1121.2,2.45,300,458.3,0
2024-03-16,ITEM_SPARE002,Spares,1631.0,0.0,0.0,1631.0,0.0,300,999.0,0
2024-03-16,ITEM_MED001,Medical,1297.7,0.0,1.2,1296.5,1.22,100,1064.2,0
2024-03-17,ITEM_FOOD001,Food & Supplies,1.6,40.1,38.3,3.3,38.31,100,0.1,1
2024-03-17,ITEM_FUEL001,Energy,9481.7,0.0,467.5,9014.2,467.54,100,19.3,0
2024-03-17,ITEM_SPARE001,Spares,1121.2,0.0,2.7,1118.5,2.71,300,413.1,0
2024-03-17,ITEM_SPARE002,Spares,1631.0,106.3,0.0,1737.3,0.0,300,999.0,0
2024-03-17,ITEM_MED001,Medical,1296.5,0.0,0.8,1295.7,0.81,100,1601.7,0
2024-03-18,ITEM_FOOD001,Food & Supplies,3.3,20.2,38.1,0.0,38.06,100,0.0,1
2024-03-18,ITEM_FUEL001,Energy,9014.2,0.0,523.9,8490.2,523.93,100,16.2,0
2024-03-18,ITEM_SPARE001,Spares,1118.5,0.0,0.0,1118.5,0.0,300,999.0,0
2024-03-18,ITEM_SPARE002,Spares,1737.3,0.0,0.0,1737.3,0.0,300,999.0,0
2024-03-18,ITEM_MED001,Medical,1295.7,0.0,1.9,1293.8,1.9,100,680.5,0
2024-03-19,ITEM_FOOD001,Food & Supplies,0.0,32.4,45.7,0.0,45.72,100,0.0,1
2024-03-19,ITEM_FUEL001,Energy,8490.2,0.0,468.4,8021.8,468.39,100,17.1,0
2024-03-19,ITEM_SPARE001,Spares,1118.5,0.0,0.0,1118.5,0.0,300,999.0,0
2024-03-19,ITEM_SPARE002,Spares,1737.3,0.0,0.0,1737.3,0.0,300,999.0,0
2024-03-19,ITEM_MED001,Medical,1293.8,0.0,1.5,1292.3,1.48,100,876.1,0
2024-03-20,ITEM_FOOD001,Food & Supplies,0.0,12.4,42.0,0.0,41.96,100,0.0,1
2024-03-20,ITEM_FUEL001,Energy,8021.8,0.0,495.5,7526.4,495.49,100,15.2,0
2024-03-20,ITEM_SPARE001,Spares,1118.5,0.0,1.3,1117.2,1.3,300,858.3,0
2024-03-20,ITEM_SPARE002,Spares,1737.3,0.0,0.8,1736.5,0.8,300,2159.9,0
2024-03-20,ITEM_MED001,Medical,1292.3,0.0,2.2,1290.1,2.22,100,580.1,0
2024-03-21,ITEM_FOOD001,Food & Supplies,0.0,16.4,46.8,0.0,46.81,100,0.0,1
2024-03-21,ITEM_FUEL001,Energy,7526.4,0.0,437.7,7088.6,437.73,100,16.2,0
2024-03-21,ITEM_SPARE001,Spares,1117.2,0.0,0.0,1117.2,0.0,300,999.0,0
2024-03-21,ITEM_SPARE002,Spares,1736.5,54.9,3.2,1788.2,3.17,300,563.3,0
2024-03-21,ITEM_MED001,Medical,1290.1,0.0,0.2,1289.8,0.22,100,5844.2,0
2024-03-22,ITEM_FOOD001,Food & Supplies,0.0,28.8,45.3,0.0,45.28,100,0.0,1
2024-03-22,ITEM_FUEL001,Energy,7088.6,0.0,495.6,6593.0,495.64,100,13.3,0
2024-03-22,ITEM_SPARE001,Spares,1117.2,0.0,0.0,1117.2,0.0,300,999.0,0
2024-03-22,ITEM_SPARE002,Spares,1788.2,0.0,1.4,1786.8,1.38,300,1298.6,0
2024-03-22,ITEM_MED001,Medical,1289.8,0.0,0.8,1289.0,0.81,100,1590.3,0
2024-03-23,ITEM_FOOD001,Food & Supplies,0.0,18.0,52.3,0.0,52.33,100,0.0,1
2024-03-23,ITEM_FUEL001,Energy,6593.0,0.0,502.4,6090.6,502.39,100,12.1,0
2024-03-23,ITEM_SPARE001,Spares,1117.2,0.0,2.9,1114.3,2.9,300,384.1,0
2024-03-23,ITEM_SPARE002,Spares,1786.8,0.0,0.0,1786.8,0.0,300,999.0,0
2024-03-23,ITEM_MED001,Medical,1289.0,0.0,0.5,1288.5,0.54,100,2365.0,0
2024-03-24,ITEM_FOOD001,Food & Supplies,0.0,11.5,43.5,0.0,43.52,100,0.0,1
2024-03-24,ITEM_FUEL001,Energy,6090.6,0.0,425.5,5665.1,425.52,100,13.3,0
2024-03-24,ITEM_SPARE001,Spares,1114.3,0.0,0.0,1114.3,0.0,300,999.0,0
2024-03-24,ITEM_SPARE002,Spares,1786.8,0.0,-0.2,1787.0,-0.22,300,999.0,0
2024-03-24,ITEM_MED001,Medical,1288.5,0.0,1.2,1287.3,1.17,100,1100.2,0
2024-03-25,ITEM_FOOD001,Food & Supplies,0.0,24.9,44.9,0.0,44.95,100,0.0,1
2024-03-25,ITEM_FUEL001,Energy,5665.1,0.0,570.0,5095.0,570.04,100,8.9,0
2024-03-25,ITEM_SPARE001,Spares,1114.3,0.0,0.0,1114.3,0.0,300,999.0,0
2024-03-25,ITEM_SPARE002,Spares,1787.0,0.0,0.0,1787.0,0.0,300,999.0,0
2024-03-25,ITEM_MED001,Medical,1287.3,0.0,1.1,1286.3,1.06,100,1215.6,0
2024-03-26,ITEM_FOOD001,Food & Supplies,0.0,11.7,41.3,0.0,41.26,100,0.0,1
2024-03-26,ITEM_FUEL001,Energy,5095.0,0.0,484.5,4610.5,484.54,100,9.5,0
2024-03-26,ITEM_SPARE001,Spares,1114.3,0.0,0.0,1114.3,0.0,300,999.0,0
2024-03-26,ITEM_SPARE002,Spares,1787.0,80.2,0.8,1866.4,0.77,300,2413.3,0
2024-03-26,ITEM_MED001,Medical,1286.3,0.0,1.8,1284.5,1.79,100,719.0,0
2024-03-27,ITEM_FOOD001,Food & Supplies,0.0,23.0,43.1,0.0,43.15,100,0.0,1
2024-03-27,ITEM_FUEL001,Energy,4610.5,0.0,507.2,4103.3,507.22,100,8.1,0
2024-03-27,ITEM_SPARE001,Spares,1114.3,0.0,0.0,1114.3,0.0,300,999.0,0
2024-03-27,ITEM_SPARE002,Spares,1866.4,0.0,3.2,1863.2,3.22,300,577.8,0
2024-03-27,ITEM_MED001,Medical,1284.5,0.0,0.6,1283.9,0.56,100,2301.1,0
2024-03-28,ITEM_FOOD001,Food & Supplies,0.0,11.3,48.7,0.0,48.74,100,0.0,1
2024-03-28,ITEM_FUEL001,Energy,4103.3,25000.0,413.5,10000.0,413.52,100,24.2,0
2024-03-28,ITEM_SPARE001,Spares,1114.3,0.0,0.0,1114.3,0.0,300,999.0,0
2024-03-28,ITEM_SPARE002,Spares,1863.2,0.0,1.6,1861.5,1.63,300,1141.6,0
2024-03-28,ITEM_MED001,Medical,1283.9,0.0,1.2,1282.8,1.16,100,1103.5,0
2024-03-29,ITEM_FOOD001,Food & Supplies,0.0,19.9,35.1,0.0,35.15,100,0.0,1
2024-03-29,ITEM_FUEL001,Energy,10000.0,0.0,473.8,9526.2,473.82,100,20.1,0
2024-03-29,ITEM_SPARE001,Spares,1114.3,0.0,1.5,1112.8,1.47,300,758.1,0
2024-03-29,ITEM_SPARE002,Spares,1861.5,0.0,0.0,1861.5,0.0,300,999.0,0
2024-03-29,ITEM_MED001,Medical,1282.8,0.0,-0.5,1283.3,-0.52,100,999.0,0
2024-03-30,ITEM_FOOD001,Food & Supplies,0.0,26.8,50.0,0.0,50.02,100,0.0,1
2024-03-30,ITEM_FUEL001,Energy,9526.2,0.0,429.9,9096.3,429.92,100,21.2,0
2024-03-30,ITEM_SPARE001,Spares,1112.8,0.0,0.0,1112.8,0.0,300,999.0,0
2024-03-30,ITEM_SPARE002,Spares,1861.5,0.0,0.0,1861.5,0.0,300,999.0,0
2024-03-30,ITEM_MED001,Medical,1283.3,0.0,0.2,1283.0,0.24,100,5369.0,0
2024-03-31,ITEM_FOOD001,Food & Supplies,0.0,28.4,47.4,0.0,47.43,100,0.0,1
2024-03-31,ITEM_FUEL001,Energy,9096.3,0.0,394.0,8702.3,393.96,100,22.1,0
2024-03-31,ITEM_SPARE001,Spares,1112.8,0.0,0.0,1112.8,0.0,300,999.0,0
2024-03-31,ITEM_SPARE002,Spares,1861.5,0.0,1.9,1859.6,1.92,300,967.7,0
2024-03-31,ITEM_MED001,Medical,1283.0,0.0,1.7,1281.4,1.68,100,761.2,0
